iter	Logloss
0	0.6664547017
1	0.644284792
2	0.627934067
3	0.6104409094
4	0.596140216
5	0.5842453743
6	0.5720448263
7	0.5621975127
8	0.5517703901
9	0.5414965075
10	0.5311224224
11	0.5235261356
12	0.5147848453
13	0.5057206645
14	0.498758364
15	0.4933095073
16	0.4873544155
17	0.482444552
18	0.4770275499
19	0.4736586782
20	0.4694423056
21	0.4643748279
22	0.4603363927
23	0.4560314899
24	0.4524616761
25	0.449280322
26	0.4458791343
27	0.4444602537
28	0.4414550548
29	0.4377311284
